<?xml version="1.0" encoding="UTF-8"?><rss version="2.0"
	xmlns:content="http://purl.org/rss/1.0/modules/content/"
	xmlns:dc="http://purl.org/dc/elements/1.1/"
	xmlns:atom="http://www.w3.org/2005/Atom"
	xmlns:sy="http://purl.org/rss/1.0/modules/syndication/"
	
	>
<channel>
	<title>
	Comments on: Neoh’s NFT Goes Public In Nod To Crypto Adoption	</title>
	<atom:link href="/neohs-nft-goes-public-in-nod-to-crypto-adoption/feed/" rel="self" type="application/rss+xml" />
	<link>/neohs-nft-goes-public-in-nod-to-crypto-adoption/</link>
	<description>The new era metaverse in the Internet Computer </description>
	<lastBuildDate>Tue, 21 Jun 2022 11:48:33 +0000</lastBuildDate>
	<sy:updatePeriod>
	hourly	</sy:updatePeriod>
	<sy:updateFrequency>
	1	</sy:updateFrequency>
	<generator>https://wordpress.org/?v=6.0.1</generator>
</channel>
</rss>
