<?xml version="1.0" encoding="UTF-8"?><rss version="2.0"
	xmlns:content="http://purl.org/rss/1.0/modules/content/"
	xmlns:wfw="http://wellformedweb.org/CommentAPI/"
	xmlns:dc="http://purl.org/dc/elements/1.1/"
	xmlns:atom="http://www.w3.org/2005/Atom"
	xmlns:sy="http://purl.org/rss/1.0/modules/syndication/"
	xmlns:slash="http://purl.org/rss/1.0/modules/slash/"
	>

<channel>
	<title>Tokens &#8211; INFINIVERSE</title>
	<atom:link href="/tag/tokens/feed/" rel="self" type="application/rss+xml" />
	<link>/</link>
	<description>The new era metaverse in the Internet Computer </description>
	<lastBuildDate>Tue, 21 Jun 2022 11:48:33 +0000</lastBuildDate>
	<language>en-US</language>
	<sy:updatePeriod>
	hourly	</sy:updatePeriod>
	<sy:updateFrequency>
	1	</sy:updateFrequency>
	<generator>https://wordpress.org/?v=6.0.1</generator>
	<item>
		<title>Neoh’s NFT Goes Public In Nod To Crypto Adoption</title>
		<link>/neohs-nft-goes-public-in-nod-to-crypto-adoption/</link>
					<comments>/neohs-nft-goes-public-in-nod-to-crypto-adoption/#respond</comments>
		
		<dc:creator><![CDATA[admin]]></dc:creator>
		<pubDate>Tue, 21 Jun 2022 11:48:33 +0000</pubDate>
				<category><![CDATA[Crypto]]></category>
		<category><![CDATA[NFTs]]></category>
		<category><![CDATA[Tokens]]></category>
		<category><![CDATA[Featured]]></category>
		<category><![CDATA[Insights]]></category>
		<category><![CDATA[NFT]]></category>
		<guid isPermaLink="false">https://frenify.net/envato/frenify/wp/neoh/1/?p=180</guid>

					<description><![CDATA[Suspendisse eu velit est. Cras nec vestibulum quam. Donec tincidunt purus nec enim tincidunt, sit amet facilisis massa laoreet. Integer mollis nec sapien eu lacinia. Nunc eu massa dictum, vulputate neque ac, porta mauris. Sed sollicitudin nisi augue, a gravida turpis elementum vel. Curabitur sagittis quis diam et rhoncus. Nam pellentesque imperdiet aliquet. Sed non [&#8230;]]]></description>
										<content:encoded><![CDATA[		<div data-elementor-type="wp-post" data-elementor-id="180" class="elementor elementor-180">
									<section class="elementor-section elementor-top-section elementor-element elementor-element-2c20dfb7 elementor-section-full_width elementor-section-height-default elementor-section-height-default" data-id="2c20dfb7" data-element_type="section">
						<div class="elementor-container elementor-column-gap-default">
					<div class="elementor-column elementor-col-100 elementor-top-column elementor-element elementor-element-d915f82" data-id="d915f82" data-element_type="column">
			<div class="elementor-widget-wrap elementor-element-populated">
								<div class="elementor-element elementor-element-77be23b9 elementor-widget elementor-widget-text-editor" data-id="77be23b9" data-element_type="widget" data-widget_type="text-editor.default">
				<div class="elementor-widget-container">
			<style>/*! elementor - v3.6.7 - 03-07-2022 */
.elementor-widget-text-editor.elementor-drop-cap-view-stacked .elementor-drop-cap{background-color:#818a91;color:#fff}.elementor-widget-text-editor.elementor-drop-cap-view-framed .elementor-drop-cap{color:#818a91;border:3px solid;background-color:transparent}.elementor-widget-text-editor:not(.elementor-drop-cap-view-default) .elementor-drop-cap{margin-top:8px}.elementor-widget-text-editor:not(.elementor-drop-cap-view-default) .elementor-drop-cap-letter{width:1em;height:1em}.elementor-widget-text-editor .elementor-drop-cap{float:left;text-align:center;line-height:1;font-size:50px}.elementor-widget-text-editor .elementor-drop-cap-letter{display:inline-block}</style>				Suspendisse eu velit est. Cras nec vestibulum quam. Donec tincidunt purus nec enim tincidunt, sit amet facilisis massa laoreet. Integer mollis nec sapien eu lacinia. Nunc eu massa dictum, vulputate neque ac, porta mauris. Sed sollicitudin nisi augue, a gravida turpis elementum vel. Curabitur sagittis quis diam et rhoncus. Nam pellentesque imperdiet aliquet. Sed non ante malesuada, ultrices sem at, tempus libero.						</div>
				</div>
				<div class="elementor-element elementor-element-d6f19a9 elementor-widget elementor-widget-text-editor" data-id="d6f19a9" data-element_type="widget" data-widget_type="text-editor.default">
				<div class="elementor-widget-container">
							Duis eu lorem ut mauris pulvinar auctor. Maecenas et dapibus orci, eleifend euismod justo. Quisque luctus turpis eu tristique feugiat. Praesent ac magna feugiat, interdum lacus ac, interdum dui. Pellentesque id quam quis enim malesuada rutrum. Orci varius natoque penatibus et magnis dis parturient montes, nascetur ridiculus mus. Nulla vel neque et ex vestibulum elementum at sed lacus. Fusce imperdiet mauris ac mi viverra viverra. Maecenas pharetra nibh non arcu finibus, vel ultrices arcu porttitor. Quisque ac nisl id lectus faucibus pulvinar nec ut nisl. Duis ultricies ut lacus sed rutrum.						</div>
				</div>
				<div class="elementor-element elementor-element-5adbe242 elementor-widget elementor-widget-text-editor" data-id="5adbe242" data-element_type="widget" data-widget_type="text-editor.default">
				<div class="elementor-widget-container">
							Duis eu lorem ut mauris pulvinar auctor. Maecenas et dapibus orci, eleifend euismod justo. Quisque luctus turpis eu tristique feugiat. Praesent ac magna feugiat, interdum lacus ac, interdum dui. Pellentesque id quam quis enim malesuada rutrum. Orci varius natoque penatibus et magnis dis parturient montes, nascetur ridiculus mus. Nulla vel neque et ex vestibulum elementum at sed lacus. Fusce imperdiet mauris ac mi viverra viverra. Maecenas pharetra nibh non arcu finibus, vel ultrices arcu porttitor. Quisque ac nisl id lectus faucibus pulvinar nec ut nisl. Duis ultricies ut lacus sed rutrum.						</div>
				</div>
				<div class="elementor-element elementor-element-4db4f2cd elementor-widget elementor-widget-text-editor" data-id="4db4f2cd" data-element_type="widget" data-widget_type="text-editor.default">
				<div class="elementor-widget-container">
							Suspendisse dignissim ultricies iaculis. Suspendisse ultrices turpis mi, non tincidunt orci interdum tempor. Praesent venenatis, lorem egestas consequat tempor, nunc neque venenatis risus, vitae interdum ipsum ipsum eget purus. Proin ac leo non est imperdiet commodo. Donec dictum augue ut odio feugiat vulputate. Pellentesque ultricies augue in posuere ornare. Pellentesque pretium non nunc ac sodales.						</div>
				</div>
				<div class="elementor-element elementor-element-7db706b8 elementor-widget elementor-widget-text-editor" data-id="7db706b8" data-element_type="widget" data-widget_type="text-editor.default">
				<div class="elementor-widget-container">
							Nam et malesuada ante, in convallis libero. Aenean sollicitudin egestas ante, eget porttitor leo fringilla sit amet. Nam cursus neque ligula, in egestas elit porttitor vel. Vestibulum ultricies tempus orci a auctor. Curabitur sed pretium lacus, eget cursus dui. Aliquam at ex sit amet urna interdum dignissim vel non dolor. Pellentesque mi nibh, sollicitudin at neque id, tincidunt molestie lorem. Nulla facilisi. Phasellus viverra mi ut sapien efficitur, sit amet suscipit lorem commodo. Interdum et malesuada fames ac ante ipsum primis in faucibus.						</div>
				</div>
					</div>
		</div>
							</div>
		</section>
							</div>
		]]></content:encoded>
					
					<wfw:commentRss>/neohs-nft-goes-public-in-nod-to-crypto-adoption/feed/</wfw:commentRss>
			<slash:comments>0</slash:comments>
		
		
			</item>
		<item>
		<title>Bankman-Fried Would Like to Talk With Musk About Twitter</title>
		<link>/bankman-fried-would-like-to-talk-with-musk-about-twitter/</link>
					<comments>/bankman-fried-would-like-to-talk-with-musk-about-twitter/#respond</comments>
		
		<dc:creator><![CDATA[admin]]></dc:creator>
		<pubDate>Mon, 20 Jun 2022 15:01:15 +0000</pubDate>
				<category><![CDATA[Crypto]]></category>
		<category><![CDATA[NFTs]]></category>
		<category><![CDATA[Tokens]]></category>
		<category><![CDATA[Featured]]></category>
		<category><![CDATA[Insights]]></category>
		<category><![CDATA[NFT]]></category>
		<guid isPermaLink="false">https://frenify.net/envato/frenify/wp/neoh/1/?p=175</guid>

					<description><![CDATA[Suspendisse eu velit est. Cras nec vestibulum quam. Donec tincidunt purus nec enim tincidunt, sit amet facilisis massa laoreet. Integer mollis nec sapien eu lacinia. Nunc eu massa dictum, vulputate neque ac, porta mauris. Sed sollicitudin nisi augue, a gravida turpis elementum vel. Curabitur sagittis quis diam et rhoncus. Nam pellentesque imperdiet aliquet. Sed non [&#8230;]]]></description>
										<content:encoded><![CDATA[		<div data-elementor-type="wp-post" data-elementor-id="175" class="elementor elementor-175">
									<section class="elementor-section elementor-top-section elementor-element elementor-element-8469919 elementor-section-full_width elementor-section-height-default elementor-section-height-default" data-id="8469919" data-element_type="section">
						<div class="elementor-container elementor-column-gap-default">
					<div class="elementor-column elementor-col-100 elementor-top-column elementor-element elementor-element-30690c49" data-id="30690c49" data-element_type="column">
			<div class="elementor-widget-wrap elementor-element-populated">
								<div class="elementor-element elementor-element-6bb97790 elementor-widget elementor-widget-text-editor" data-id="6bb97790" data-element_type="widget" data-widget_type="text-editor.default">
				<div class="elementor-widget-container">
							Suspendisse eu velit est. Cras nec vestibulum quam. Donec tincidunt purus nec enim tincidunt, sit amet facilisis massa laoreet. Integer mollis nec sapien eu lacinia. Nunc eu massa dictum, vulputate neque ac, porta mauris. Sed sollicitudin nisi augue, a gravida turpis elementum vel. Curabitur sagittis quis diam et rhoncus. Nam pellentesque imperdiet aliquet. Sed non ante malesuada, ultrices sem at, tempus libero.						</div>
				</div>
				<div class="elementor-element elementor-element-17a2c1e0 elementor-widget elementor-widget-text-editor" data-id="17a2c1e0" data-element_type="widget" data-widget_type="text-editor.default">
				<div class="elementor-widget-container">
							Duis eu lorem ut mauris pulvinar auctor. Maecenas et dapibus orci, eleifend euismod justo. Quisque luctus turpis eu tristique feugiat. Praesent ac magna feugiat, interdum lacus ac, interdum dui. Pellentesque id quam quis enim malesuada rutrum. Orci varius natoque penatibus et magnis dis parturient montes, nascetur ridiculus mus. Nulla vel neque et ex vestibulum elementum at sed lacus. Fusce imperdiet mauris ac mi viverra viverra. Maecenas pharetra nibh non arcu finibus, vel ultrices arcu porttitor. Quisque ac nisl id lectus faucibus pulvinar nec ut nisl. Duis ultricies ut lacus sed rutrum.						</div>
				</div>
				<div class="elementor-element elementor-element-175872e8 elementor-widget elementor-widget-text-editor" data-id="175872e8" data-element_type="widget" data-widget_type="text-editor.default">
				<div class="elementor-widget-container">
							Duis eu lorem ut mauris pulvinar auctor. Maecenas et dapibus orci, eleifend euismod justo. Quisque luctus turpis eu tristique feugiat. Praesent ac magna feugiat, interdum lacus ac, interdum dui. Pellentesque id quam quis enim malesuada rutrum. Orci varius natoque penatibus et magnis dis parturient montes, nascetur ridiculus mus. Nulla vel neque et ex vestibulum elementum at sed lacus. Fusce imperdiet mauris ac mi viverra viverra. Maecenas pharetra nibh non arcu finibus, vel ultrices arcu porttitor. Quisque ac nisl id lectus faucibus pulvinar nec ut nisl. Duis ultricies ut lacus sed rutrum.						</div>
				</div>
				<div class="elementor-element elementor-element-126394cd elementor-widget elementor-widget-text-editor" data-id="126394cd" data-element_type="widget" data-widget_type="text-editor.default">
				<div class="elementor-widget-container">
							Suspendisse dignissim ultricies iaculis. Suspendisse ultrices turpis mi, non tincidunt orci interdum tempor. Praesent venenatis, lorem egestas consequat tempor, nunc neque venenatis risus, vitae interdum ipsum ipsum eget purus. Proin ac leo non est imperdiet commodo. Donec dictum augue ut odio feugiat vulputate. Pellentesque ultricies augue in posuere ornare. Pellentesque pretium non nunc ac sodales.						</div>
				</div>
				<div class="elementor-element elementor-element-4afd2073 elementor-widget elementor-widget-text-editor" data-id="4afd2073" data-element_type="widget" data-widget_type="text-editor.default">
				<div class="elementor-widget-container">
							Nam et malesuada ante, in convallis libero. Aenean sollicitudin egestas ante, eget porttitor leo fringilla sit amet. Nam cursus neque ligula, in egestas elit porttitor vel. Vestibulum ultricies tempus orci a auctor. Curabitur sed pretium lacus, eget cursus dui. Aliquam at ex sit amet urna interdum dignissim vel non dolor. Pellentesque mi nibh, sollicitudin at neque id, tincidunt molestie lorem. Nulla facilisi. Phasellus viverra mi ut sapien efficitur, sit amet suscipit lorem commodo. Interdum et malesuada fames ac ante ipsum primis in faucibus.						</div>
				</div>
					</div>
		</div>
							</div>
		</section>
							</div>
		]]></content:encoded>
					
					<wfw:commentRss>/bankman-fried-would-like-to-talk-with-musk-about-twitter/feed/</wfw:commentRss>
			<slash:comments>0</slash:comments>
		
		
			</item>
		<item>
		<title>Crypto-Focused Silvergate Jumps on Blowout Earnings Report</title>
		<link>/crypto-focused-silvergate-jumps-on-blowout-earnings-report/</link>
					<comments>/crypto-focused-silvergate-jumps-on-blowout-earnings-report/#comments</comments>
		
		<dc:creator><![CDATA[admin]]></dc:creator>
		<pubDate>Wed, 01 Jun 2022 13:11:00 +0000</pubDate>
				<category><![CDATA[Crypto]]></category>
		<category><![CDATA[NFTs]]></category>
		<category><![CDATA[Tokens]]></category>
		<category><![CDATA[Featured]]></category>
		<category><![CDATA[Insights]]></category>
		<category><![CDATA[NFT]]></category>
		<guid isPermaLink="false">https://frenify.net/envato/frenify/wp/neoh/1/?p=159</guid>

					<description><![CDATA[Suspendisse eu velit est. Cras nec vestibulum quam. Donec tincidunt purus nec enim tincidunt, sit amet facilisis massa laoreet. Integer mollis nec sapien eu lacinia. Nunc eu massa dictum, vulputate neque ac, porta mauris. Sed sollicitudin nisi augue, a gravida turpis elementum vel. Curabitur sagittis quis diam et rhoncus. Nam pellentesque imperdiet aliquet. Sed non [&#8230;]]]></description>
										<content:encoded><![CDATA[		<div data-elementor-type="wp-post" data-elementor-id="159" class="elementor elementor-159">
									<section class="elementor-section elementor-top-section elementor-element elementor-element-e373950 elementor-section-full_width elementor-section-height-default elementor-section-height-default" data-id="e373950" data-element_type="section">
						<div class="elementor-container elementor-column-gap-default">
					<div class="elementor-column elementor-col-100 elementor-top-column elementor-element elementor-element-2a24330" data-id="2a24330" data-element_type="column">
			<div class="elementor-widget-wrap elementor-element-populated">
								<div class="elementor-element elementor-element-016626a elementor-widget elementor-widget-text-editor" data-id="016626a" data-element_type="widget" data-widget_type="text-editor.default">
				<div class="elementor-widget-container">
							Suspendisse eu velit est. Cras nec vestibulum quam. Donec tincidunt purus nec enim tincidunt, sit amet facilisis massa laoreet. Integer mollis nec sapien eu lacinia. Nunc eu massa dictum, vulputate neque ac, porta mauris. Sed sollicitudin nisi augue, a gravida turpis elementum vel. Curabitur sagittis quis diam et rhoncus. Nam pellentesque imperdiet aliquet. Sed non ante malesuada, ultrices sem at, tempus libero.						</div>
				</div>
				<div class="elementor-element elementor-element-afd2ecc elementor-widget elementor-widget-text-editor" data-id="afd2ecc" data-element_type="widget" data-widget_type="text-editor.default">
				<div class="elementor-widget-container">
							Duis eu lorem ut mauris pulvinar auctor. Maecenas et dapibus orci, eleifend euismod justo. Quisque luctus turpis eu tristique feugiat. Praesent ac magna feugiat, interdum lacus ac, interdum dui. Pellentesque id quam quis enim malesuada rutrum. Orci varius natoque penatibus et magnis dis parturient montes, nascetur ridiculus mus. Nulla vel neque et ex vestibulum elementum at sed lacus. Fusce imperdiet mauris ac mi viverra viverra. Maecenas pharetra nibh non arcu finibus, vel ultrices arcu porttitor. Quisque ac nisl id lectus faucibus pulvinar nec ut nisl. Duis ultricies ut lacus sed rutrum.						</div>
				</div>
				<div class="elementor-element elementor-element-59c98e7 elementor-widget elementor-widget-text-editor" data-id="59c98e7" data-element_type="widget" data-widget_type="text-editor.default">
				<div class="elementor-widget-container">
							Duis eu lorem ut mauris pulvinar auctor. Maecenas et dapibus orci, eleifend euismod justo. Quisque luctus turpis eu tristique feugiat. Praesent ac magna feugiat, interdum lacus ac, interdum dui. Pellentesque id quam quis enim malesuada rutrum. Orci varius natoque penatibus et magnis dis parturient montes, nascetur ridiculus mus. Nulla vel neque et ex vestibulum elementum at sed lacus. Fusce imperdiet mauris ac mi viverra viverra. Maecenas pharetra nibh non arcu finibus, vel ultrices arcu porttitor. Quisque ac nisl id lectus faucibus pulvinar nec ut nisl. Duis ultricies ut lacus sed rutrum.						</div>
				</div>
				<div class="elementor-element elementor-element-7b74b20 elementor-widget elementor-widget-text-editor" data-id="7b74b20" data-element_type="widget" data-widget_type="text-editor.default">
				<div class="elementor-widget-container">
							Suspendisse dignissim ultricies iaculis. Suspendisse ultrices turpis mi, non tincidunt orci interdum tempor. Praesent venenatis, lorem egestas consequat tempor, nunc neque venenatis risus, vitae interdum ipsum ipsum eget purus. Proin ac leo non est imperdiet commodo. Donec dictum augue ut odio feugiat vulputate. Pellentesque ultricies augue in posuere ornare. Pellentesque pretium non nunc ac sodales.						</div>
				</div>
				<div class="elementor-element elementor-element-d598968 elementor-widget elementor-widget-text-editor" data-id="d598968" data-element_type="widget" data-widget_type="text-editor.default">
				<div class="elementor-widget-container">
							Nam et malesuada ante, in convallis libero. Aenean sollicitudin egestas ante, eget porttitor leo fringilla sit amet. Nam cursus neque ligula, in egestas elit porttitor vel. Vestibulum ultricies tempus orci a auctor. Curabitur sed pretium lacus, eget cursus dui. Aliquam at ex sit amet urna interdum dignissim vel non dolor. Pellentesque mi nibh, sollicitudin at neque id, tincidunt molestie lorem. Nulla facilisi. Phasellus viverra mi ut sapien efficitur, sit amet suscipit lorem commodo. Interdum et malesuada fames ac ante ipsum primis in faucibus.						</div>
				</div>
					</div>
		</div>
							</div>
		</section>
							</div>
		]]></content:encoded>
					
					<wfw:commentRss>/crypto-focused-silvergate-jumps-on-blowout-earnings-report/feed/</wfw:commentRss>
			<slash:comments>3</slash:comments>
		
		
			</item>
	</channel>
</rss>
