<?xml version="1.0" encoding="UTF-8"?><rss version="2.0"
	xmlns:content="http://purl.org/rss/1.0/modules/content/"
	xmlns:dc="http://purl.org/dc/elements/1.1/"
	xmlns:atom="http://www.w3.org/2005/Atom"
	xmlns:sy="http://purl.org/rss/1.0/modules/syndication/"
	
	>
<channel>
	<title>
	Comments for INFINIVERSE	</title>
	<atom:link href="/comments/feed/" rel="self" type="application/rss+xml" />
	<link>/</link>
	<description>The new era metaverse in the Internet Computer </description>
	<lastBuildDate>Mon, 20 Jun 2022 14:54:41 +0000</lastBuildDate>
	<sy:updatePeriod>
	hourly	</sy:updatePeriod>
	<sy:updateFrequency>
	1	</sy:updateFrequency>
	<generator>https://wordpress.org/?v=6.0.1</generator>
	<item>
		<title>
		Comment on Crypto-Focused Silvergate Jumps on Blowout Earnings Report by Rachel Perry		</title>
		<link>/crypto-focused-silvergate-jumps-on-blowout-earnings-report/#comment-4</link>

		<dc:creator><![CDATA[Rachel Perry]]></dc:creator>
		<pubDate>Mon, 20 Jun 2022 14:54:41 +0000</pubDate>
		<guid isPermaLink="false">https://frenify.net/envato/frenify/wp/neoh/1/?p=159#comment-4</guid>

					<description><![CDATA[Cras sed velit vitae velit tincidunt venenatis nec in felis. Proin blandit elementum risus, sed mattis dui rhoncus vel. Sed maximus mauris fringilla purus auctor, eget convallis nulla facilisis.

Morbi et lacinia ligula, id pharetra lorem. Phasellus posuere nibh et sem dapibus, ut eleifend ipsum eleifend. Pellentesque vel nibh aliquam leo efficitur bibendum vel sed mi. Ut pulvinar rutrum ante, at ultrices leo tincidunt eget.

Suspendisse eget dui ac turpis consectetur sollicitudin. Lorem ipsum dolor sit amet, consectetur adipiscing elit.]]></description>
			<content:encoded><![CDATA[<p>Cras sed velit vitae velit tincidunt venenatis nec in felis. Proin blandit elementum risus, sed mattis dui rhoncus vel. Sed maximus mauris fringilla purus auctor, eget convallis nulla facilisis.</p>
<p>Morbi et lacinia ligula, id pharetra lorem. Phasellus posuere nibh et sem dapibus, ut eleifend ipsum eleifend. Pellentesque vel nibh aliquam leo efficitur bibendum vel sed mi. Ut pulvinar rutrum ante, at ultrices leo tincidunt eget.</p>
<p>Suspendisse eget dui ac turpis consectetur sollicitudin. Lorem ipsum dolor sit amet, consectetur adipiscing elit.</p>
]]></content:encoded>
		
			</item>
		<item>
		<title>
		Comment on Crypto-Focused Silvergate Jumps on Blowout Earnings Report by Meera		</title>
		<link>/crypto-focused-silvergate-jumps-on-blowout-earnings-report/#comment-3</link>

		<dc:creator><![CDATA[Meera]]></dc:creator>
		<pubDate>Mon, 20 Jun 2022 14:54:21 +0000</pubDate>
		<guid isPermaLink="false">https://frenify.net/envato/frenify/wp/neoh/1/?p=159#comment-3</guid>

					<description><![CDATA[Proin ac leo non est imperdiet commodo. Donec dictum augue ut odio feugiat vulputate. Pellentesque ultricies augue in posuere ornare.]]></description>
			<content:encoded><![CDATA[<p>Proin ac leo non est imperdiet commodo. Donec dictum augue ut odio feugiat vulputate. Pellentesque ultricies augue in posuere ornare.</p>
]]></content:encoded>
		
			</item>
		<item>
		<title>
		Comment on Crypto-Focused Silvergate Jumps on Blowout Earnings Report by Alex Brandon		</title>
		<link>/crypto-focused-silvergate-jumps-on-blowout-earnings-report/#comment-2</link>

		<dc:creator><![CDATA[Alex Brandon]]></dc:creator>
		<pubDate>Mon, 20 Jun 2022 14:53:50 +0000</pubDate>
		<guid isPermaLink="false">https://frenify.net/envato/frenify/wp/neoh/1/?p=159#comment-2</guid>

					<description><![CDATA[Nam et malesuada ante, in convallis libero. Aenean sollicitudin egestas ante, eget porttitor leo fringilla sit amet. Nam cursus neque ligula, in egestas elit porttitor vel. Vestibulum ultricies tempus orci a auctor.]]></description>
			<content:encoded><![CDATA[<p>Nam et malesuada ante, in convallis libero. Aenean sollicitudin egestas ante, eget porttitor leo fringilla sit amet. Nam cursus neque ligula, in egestas elit porttitor vel. Vestibulum ultricies tempus orci a auctor.</p>
]]></content:encoded>
		
			</item>
	</channel>
</rss>
