<?xml version="1.0" encoding="UTF-8"?><rss version="2.0"
	xmlns:content="http://purl.org/rss/1.0/modules/content/"
	xmlns:dc="http://purl.org/dc/elements/1.1/"
	xmlns:atom="http://www.w3.org/2005/Atom"
	xmlns:sy="http://purl.org/rss/1.0/modules/syndication/"
	
	>
<channel>
	<title>
	Comments on: Bankman-Fried Would Like to Talk With Musk About Twitter	</title>
	<atom:link href="/bankman-fried-would-like-to-talk-with-musk-about-twitter/feed/" rel="self" type="application/rss+xml" />
	<link>/bankman-fried-would-like-to-talk-with-musk-about-twitter/</link>
	<description>The new era metaverse in the Internet Computer </description>
	<lastBuildDate>Mon, 20 Jun 2022 15:01:15 +0000</lastBuildDate>
	<sy:updatePeriod>
	hourly	</sy:updatePeriod>
	<sy:updateFrequency>
	1	</sy:updateFrequency>
	<generator>https://wordpress.org/?v=6.0.1</generator>
</channel>
</rss>
